id,math,english,ukrainian,privileged,rating,admitted
1,133,119,145,0,132.4,0
2,174,130,176,0,161.4,0
3,160,176,147,0,160.9,0
4,124,172,147,0,145.3,0
5,143,124,141,0,136.7,0
6,188,146,157,1,166.1,0
7,106,164,154,1,137.79999999999998,0
8,146,162,158,0,154.4,0
9,180,122,157,0,155.7,0
10,137,160,123,1,139.70000000000002,0
11,141,142,167,0,149.1,0
12,153,178,127,0,152.7,0
13,184,150,148,0,163.0,0
14,142,162,180,0,159.4,0
15,146,152,166,0,153.8,0
16,146,168,185,0,164.3,0
17,199,139,145,0,164.8,0
18,198,168,143,0,172.5,1
19,175,179,178,0,177.1,1
20,162,191,158,1,169.5,1
21,169,186,196,0,182.2,1
22,184,144,136,1,157.60000000000002,0
23,136,166,169,0,154.9,0
24,178,171,167,0,172.6,1
25,129,166,178,0,154.8,0
26,142,170,167,0,157.9,0
27,173,163,169,0,168.79999999999998,1
28,126,144,158,1,141.0,0
29,152,159,174,0,160.7,0
30,137,171,145,0,149.6,0
31,101,101,107,0,102.80000000000001,0
32,100,133,192,0,137.5,0
33,119,137,141,0,131.0,0
34,141,146,169,0,150.9,0
35,173,150,163,0,163.1,0
36,151,158,136,0,148.60000000000002,0
37,155,135,157,0,149.6,0
38,168,170,173,1,170.1,1
39,137,117,170,0,140.9,0
40,160,165,137,0,154.6,0
41,138,165,160,0,152.7,0
42,120,167,164,1,147.29999999999998,0
43,147,100,173,0,140.70000000000002,0
44,166,128,156,0,151.60000000000002,0
45,161,147,143,0,151.4,0
46,154,158,177,0,162.1,0
47,200,153,133,0,165.8,1
48,163,138,142,0,149.2,0
49,174,180,170,0,174.60000000000002,1
50,199,161,161,0,176.2,1
51,129,147,158,0,143.1,0
52,134,135,138,1,135.5,0
53,189,156,173,0,174.3,1
54,139,180,166,0,159.39999999999998,0
55,155,155,194,0,166.7,1
56,101,105,108,0,104.30000000000001,0
57,172,156,127,0,153.7,0
58,190,157,157,0,170.2,1
59,184,150,153,0,164.5,0
60,176,135,151,1,156.2,0
61,139,185,151,0,156.39999999999998,0
62,170,167,158,0,165.5,1
63,161,197,140,0,165.5,1
64,128,164,123,0,137.3,0
65,183,150,163,0,167.1,1
66,171,136,176,0,162.0,0
67,155,148,164,0,155.6,0
68,150,131,160,0,147.3,0
69,131,196,139,0,152.9,0
70,158,154,172,0,161.0,0
71,164,170,115,0,151.10000000000002,0
72,138,174,195,0,165.9,0
73,178,176,143,0,166.9,1
74,133,200,169,0,163.9,0
75,112,153,145,0,134.2,0
76,175,151,157,0,162.4,0
77,146,158,148,0,150.20000000000002,0
78,152,169,114,0,145.7,0
79,138,158,167,0,152.7,0
80,122,149,133,0,133.4,0
81,180,140,132,0,153.6,0
82,198,111,188,0,168.9,0
83,188,160,149,0,167.9,1
84,171,135,162,0,157.5,0
85,200,100,200,0,170.0,0
86,133,157,200,0,160.3,0
87,140,178,124,0,146.6,0
88,130,168,148,0,146.8,0
89,196,154,164,0,173.79999999999998,1
90,158,163,176,0,164.89999999999998,1
91,178,122,167,0,157.9,0
92,129,141,171,0,145.2,0
93,158,188,141,0,161.89999999999998,0
94,180,112,185,0,161.1,0
95,148,140,181,1,155.5,0
96,175,190,164,0,176.2,1
97,133,140,200,0,155.2,0
98,127,138,153,0,138.1,0
99,162,185,148,0,164.7,0
100,147,181,120,0,149.1,0
101,167,143,146,0,153.5,0
102,111,196,179,0,156.9,0
103,169,148,172,0,163.6,0
104,200,165,182,0,184.1,1
105,100,195,175,0,151.0,0
106,155,165,143,0,154.4,0
107,158,152,128,0,147.20000000000002,0
108,200,200,100,0,170.0,0
109,163,170,134,0,156.4,0
110,122,130,151,0,133.10000000000002,0
111,146,151,127,0,141.8,0
112,179,174,147,0,167.9,1
113,140,171,142,0,149.9,0
114,165,171,175,0,169.8,1
115,175,168,131,0,159.7,0
116,160,157,121,1,147.39999999999998,0
117,127,161,170,1,150.1,0
118,148,156,185,0,161.5,0
119,194,164,170,0,177.8,1
120,114,165,152,0,140.7,0
121,149,157,137,0,147.8,0
122,143,165,150,0,151.7,0
123,157,141,147,0,149.2,0
124,169,148,130,0,151.0,0
125,187,159,155,0,169.0,1
126,149,193,180,1,171.5,1
127,171,165,172,0,169.5,1
128,164,152,162,0,159.8,0
129,164,150,153,0,156.5,0
130,143,169,135,0,148.4,0
131,135,153,176,0,152.7,0
132,132,167,126,0,140.7,0
133,139,165,112,0,138.7,0
134,161,130,153,0,149.3,0
135,170,164,146,0,161.0,0
136,161,164,147,0,157.7,0
137,144,170,169,1,159.29999999999998,0
138,191,138,165,0,167.3,1
139,190,183,109,1,163.6,0
140,147,151,176,1,156.89999999999998,0
141,138,194,129,0,152.1,0
142,157,190,189,0,176.5,1
143,180,142,137,0,155.7,0
144,161,127,161,0,150.8,0
145,166,168,192,0,174.4,1
146,194,198,109,0,169.7,0
147,164,177,183,0,173.60000000000002,1
148,185,165,154,0,169.7,1
149,150,125,125,0,135.0,0
150,157,170,133,1,153.70000000000002,0
151,160,157,148,0,155.5,0
152,160,163,141,0,155.2,0
153,100,200,200,0,160.0,0
154,117,152,150,0,137.4,0
155,134,170,142,0,147.2,0
156,158,143,144,0,149.29999999999998,0
157,166,143,156,0,156.10000000000002,0
158,144,150,135,0,143.1,0
159,182,142,169,0,166.1,1
160,152,166,173,0,162.5,0
161,155,128,145,0,143.9,0
162,151,171,155,0,158.2,0
163,200,100,200,1,170.0,0
164,169,162,171,1,167.5,1
165,168,131,187,0,162.6,0
166,137,164,170,0,155.0,0
167,185,176,175,0,179.3,1
168,133,155,143,0,142.6,0
169,156,185,154,0,164.1,0
170,149,152,139,0,146.9,0
171,134,163,156,0,149.3,0
172,153,136,165,0,151.5,0
173,140,163,159,0,152.6,0
174,156,143,125,0,142.8,0
175,163,140,139,0,148.9,0
176,184,186,131,0,168.7,1
177,161,129,161,0,151.39999999999998,0
178,142,152,147,0,146.5,0
179,147,169,160,0,157.5,0
180,157,159,113,0,144.4,0
181,156,118,156,0,144.60000000000002,0
182,184,167,134,0,163.9,0
183,182,127,169,0,161.6,0
184,147,146,170,1,153.6,0
185,112,103,100,0,105.7,0
186,103,100,173,0,123.1,0
187,144,152,171,0,154.5,0
188,135,168,144,0,147.6,0
189,147,151,126,0,141.89999999999998,0
190,162,158,169,0,162.89999999999998,0
191,158,200,161,0,171.5,1
192,154,177,109,0,147.4,0
193,158,156,120,0,146.0,0
194,152,200,129,0,159.5,0
195,158,142,153,0,151.70000000000002,0
196,100,165,127,0,127.6,0
197,149,123,168,0,146.9,0
198,152,162,144,0,152.6,0
199,148,152,185,0,160.3,0
200,150,156,163,0,155.7,0
201,169,162,152,0,161.8,0
202,143,160,163,0,154.1,0
203,199,133,136,0,160.3,0
204,168,147,183,0,166.20000000000002,1
205,154,155,176,0,160.89999999999998,0
206,150,126,159,0,145.5,0
207,153,171,193,0,170.4,1
208,136,192,125,0,149.5,0
209,153,161,171,0,160.8,0
210,160,144,179,0,160.89999999999998,0
211,166,108,164,0,148.0,0
212,166,124,151,0,148.89999999999998,0
213,149,161,113,0,141.8,0
214,126,180,176,0,157.2,0
215,141,150,146,0,145.2,0
216,187,125,153,0,158.2,0
217,172,137,174,1,162.1,0
218,162,143,174,1,159.89999999999998,0
219,139,116,131,0,129.7,0
220,155,148,135,0,146.9,0
221,129,172,140,0,145.2,0
222,143,121,168,1,143.9,0
223,200,100,200,0,170.0,0
224,147,114,165,0,142.5,0
225,174,138,146,0,154.8,0
226,126,152,152,0,141.6,0
227,106,114,106,0,108.39999999999999,0
228,127,164,132,1,139.6,0
229,130,131,170,0,142.3,0
230,157,156,152,0,155.2,0
231,122,148,164,0,142.4,0
232,170,154,155,0,160.7,0
233,150,151,175,0,157.8,0
234,156,161,165,0,160.2,0
235,161,158,156,0,158.60000000000002,0
236,146,172,200,0,170.0,1
237,175,157,180,0,171.1,1
238,151,188,160,0,164.8,0
239,166,165,170,0,166.9,1
240,151,184,157,0,162.7,0
241,160,169,141,0,157.0,0
242,160,141,120,1,142.3,0
243,159,179,196,0,176.1,1
244,135,178,146,0,151.2,0
245,163,100,166,1,145.0,0
246,148,144,180,0,156.4,0
247,167,183,146,0,165.5,1
248,111,176,149,0,141.9,0
249,125,125,165,1,137.0,0
250,162,172,165,0,165.9,1
251,192,189,155,0,180.0,1
252,171,167,133,0,158.4,0
253,141,125,180,0,147.9,0
254,200,100,200,1,170.0,0
255,169,163,158,0,163.9,0
256,153,150,171,0,157.5,0
257,196,191,112,0,169.29999999999998,0
258,157,169,156,0,160.3,0
259,155,194,146,0,164.0,0
260,200,175,115,1,167.0,0
261,154,166,165,0,160.9,0
262,151,148,135,0,145.3,0
263,152,183,183,1,170.6,1
264,143,155,152,0,149.3,0
265,174,134,168,0,160.20000000000002,0
266,147,155,143,0,148.20000000000002,0
267,167,153,171,1,164.0,0
268,160,135,183,0,159.4,0
269,179,171,123,0,159.8,0
270,163,152,167,0,160.9,0
271,130,162,122,0,137.2,0
272,128,139,152,0,138.5,0
273,183,151,160,0,166.5,1
274,142,170,133,0,147.70000000000002,0
275,113,109,103,1,108.80000000000001,0
276,141,147,184,0,155.7,0
277,180,198,172,0,183.0,1
278,126,161,175,0,151.2,0
279,137,169,187,0,161.6,0
280,141,169,148,0,151.5,0
281,129,156,175,0,150.9,0
282,131,165,142,0,144.5,0
283,124,135,179,0,143.79999999999998,0
284,145,183,132,0,152.5,0
285,147,179,138,0,153.9,0
286,141,158,189,0,160.5,0
287,121,155,167,0,145.0,0
288,180,130,161,0,159.3,0
289,128,175,151,0,149.0,0
290,160,149,147,1,152.79999999999998,0
291,133,167,153,0,149.20000000000002,0
292,168,126,153,0,150.9,0
293,174,167,168,0,170.10000000000002,1
294,137,151,189,0,156.79999999999998,0
295,116,155,138,0,134.3,0
296,200,200,200,0,200.0,1
297,192,168,171,0,178.5,1
298,163,142,149,0,152.5,0
299,158,154,171,0,160.7,0
300,171,171,127,0,157.8,0
301,170,153,200,0,173.9,1
302,138,194,161,0,161.7,0
303,141,137,154,0,143.7,0
304,167,159,140,0,156.5,0
305,152,163,149,1,154.4,0
306,200,184,111,0,168.5,0
307,140,156,200,0,162.8,0
308,170,151,129,0,152.0,0
309,161,159,153,0,158.0,0
310,152,164,132,0,149.6,0
311,178,182,130,1,164.8,0
312,168,160,156,0,162.0,0
313,134,165,144,0,146.29999999999998,0
314,167,184,161,0,170.3,1
315,182,123,168,0,160.1,0
316,152,149,129,0,144.2,0
317,150,155,144,0,149.7,0
318,141,123,149,0,138.0,0
319,154,156,111,1,141.7,0
320,168,107,149,0,144.0,0
321,138,169,129,0,144.6,0
322,128,125,150,0,133.7,0
323,147,129,154,0,143.7,0
324,127,165,117,0,135.4,0
325,165,121,132,0,141.9,0
326,146,196,162,0,165.8,1
327,119,157,172,0,146.3,0
328,148,153,192,0,162.7,0
329,151,179,162,1,162.7,0
330,163,153,141,1,153.39999999999998,0
331,152,159,136,0,149.3,0
332,192,151,129,0,160.8,0
333,144,144,175,0,153.3,0
334,153,162,127,0,147.9,0
335,152,165,139,0,152.0,0
336,149,129,152,0,143.9,0
337,157,137,180,0,157.9,0
338,165,141,167,0,158.4,0
339,181,154,152,0,164.2,0
340,123,161,167,0,147.6,0
341,144,198,193,0,174.9,1
342,146,160,148,0,150.8,0
343,173,151,177,1,167.6,1
344,147,140,167,0,150.9,0
345,117,174,179,0,152.7,0
346,156,154,157,0,155.7,0
347,154,161,141,1,152.2,0
348,158,154,134,0,149.6,0
349,134,166,151,0,148.7,0
350,189,164,134,0,165.0,1
351,148,162,126,0,145.60000000000002,0
352,151,155,200,0,166.9,1
353,136,156,136,1,142.0,0
354,136,162,145,0,146.5,0
355,130,116,157,0,133.9,0
356,147,154,191,0,162.3,0
357,135,174,168,0,156.6,0
358,196,145,182,0,176.5,1
359,117,113,158,0,128.1,0
360,132,127,155,0,137.4,0
361,146,156,159,0,152.9,0
362,168,140,179,1,162.9,0
363,146,157,137,0,146.6,0
364,168,154,143,0,156.3,0
365,135,145,173,1,149.4,0
366,156,136,183,0,158.1,0
367,189,158,125,0,160.5,0
368,135,156,145,1,144.3,0
369,163,152,164,0,160.0,0
370,159,172,167,0,165.3,1
371,109,159,178,0,144.7,0
372,143,143,183,0,155.0,0
373,177,147,146,0,158.7,0
374,157,153,177,0,161.8,0
375,130,157,137,0,140.2,0
376,168,181,176,0,174.3,1
377,145,188,151,0,159.7,0
378,162,145,163,0,157.2,0
379,162,134,170,0,156.0,0
380,132,144,172,0,147.6,0
381,170,163,162,0,165.5,1
382,134,171,161,0,153.2,0
383,128,146,129,0,133.7,0
384,137,136,164,0,144.79999999999998,0
385,200,200,100,0,170.0,0
386,185,111,185,0,162.8,0
387,139,175,163,1,157.0,0
388,100,200,200,0,160.0,0
389,160,161,174,0,164.5,0
390,123,192,182,0,161.4,0
391,172,152,151,0,159.7,0
392,178,169,140,0,163.9,0
393,153,184,156,0,163.2,0
394,150,161,108,0,140.7,0
395,119,150,152,1,138.2,0
396,146,126,142,1,138.8,0
397,149,159,151,0,152.6,0
398,159,167,124,1,150.9,0
399,151,175,146,0,156.7,0
400,159,159,184,1,166.5,0
401,185,135,158,0,161.9,0
402,144,166,132,1,147.0,0
403,145,188,145,0,157.9,0
404,128,149,157,0,143.0,0
405,154,138,109,0,135.7,0
406,174,148,200,0,174.0,1
407,119,154,160,0,141.8,0
408,141,144,160,0,147.6,0
409,155,169,170,0,163.7,0
410,172,163,166,1,167.5,1
411,162,148,183,0,164.1,0
412,161,154,189,0,167.29999999999998,1
413,150,124,138,0,138.6,0
414,164,161,116,0,148.7,0
415,175,127,121,0,144.39999999999998,0
416,120,149,199,0,152.39999999999998,0
417,169,145,133,0,151.0,0
418,153,164,185,0,165.9,1
419,144,146,133,0,141.3,0
420,106,154,180,0,142.6,0
421,127,184,180,1,160.0,0
422,188,123,159,1,159.79999999999998,0
423,141,157,142,0,146.1,0
424,133,172,178,0,158.20000000000002,0
425,145,142,143,0,143.5,0
426,200,100,200,0,170.0,0
427,157,127,143,1,143.8,0
428,185,122,182,0,165.2,1
429,100,200,200,1,160.0,0
430,158,148,140,0,149.6,0
431,132,128,169,0,141.9,0
432,185,145,155,0,164.0,0
433,158,167,167,0,163.4,0
434,133,166,200,1,163.0,0
435,173,175,136,0,162.5,0
436,178,144,148,0,158.8,0
437,158,142,157,0,152.9,0
438,122,161,133,0,137.0,0
439,190,175,121,0,164.8,1
440,161,147,136,0,149.3,0
441,178,174,169,0,174.1,1
442,143,148,140,0,143.6,0
443,147,195,140,0,159.3,0
444,157,120,164,0,148.0,0
445,177,185,134,0,166.5,1
446,157,125,173,0,152.20000000000002,0
447,129,179,193,0,163.2,0
448,160,156,160,0,158.8,0
449,187,145,163,0,167.2,1
450,156,136,140,0,145.2,0
451,157,136,160,0,151.6,0
452,129,168,164,0,151.2,0
453,126,164,129,0,138.29999999999998,0
454,190,196,109,0,167.5,0
455,148,154,138,1,146.8,0
456,157,137,159,0,151.6,0
457,158,152,144,0,152.0,0
458,187,172,158,1,173.8,1
459,156,136,145,0,146.7,0
460,176,165,176,0,172.7,1
461,154,145,151,1,150.39999999999998,0
462,183,124,134,0,150.6,0
463,117,176,187,0,155.7,0
464,143,127,196,0,154.10000000000002,0
465,174,145,170,0,164.10000000000002,0
466,151,176,164,1,162.4,0
467,173,139,154,1,157.1,0
468,200,200,100,0,170.0,0
469,173,146,133,0,152.9,0
470,167,153,131,0,152.0,0
471,168,192,166,0,174.6,1
472,184,177,131,0,166.0,1
473,174,156,191,1,173.7,1
474,174,141,139,0,153.6,0
475,155,155,165,0,158.0,0
476,143,187,130,0,152.3,0
477,141,198,154,0,162.0,0
478,170,142,163,0,159.5,0
479,106,183,146,1,141.10000000000002,0
480,128,123,142,0,130.7,0
481,135,166,149,0,148.5,0
482,150,162,181,0,162.89999999999998,0
483,102,175,175,0,145.8,0
484,180,138,177,0,166.5,1
485,167,157,175,0,166.4,1
486,194,117,185,0,168.20000000000002,0
487,176,142,171,1,164.3,0
488,175,154,109,0,148.89999999999998,0
489,200,158,167,0,177.5,1
490,143,200,164,0,166.4,1
491,124,144,150,1,137.8,0
492,150,155,125,0,144.0,0
493,138,131,141,0,136.8,0
494,100,200,200,0,160.0,0
495,133,172,172,0,156.4,0
496,166,173,169,0,169.0,1
497,165,127,131,0,143.39999999999998,0
498,154,121,167,0,148.0,0
499,161,142,116,0,141.8,0
500,152,188,146,1,161.0,0
501,170,125,154,0,151.7,0
502,156,168,169,0,163.5,0
503,149,157,149,0,151.4,0
504,173,148,166,0,163.39999999999998,0
505,180,142,160,0,162.6,0
506,181,159,164,0,169.29999999999998,1
507,135,148,168,0,148.8,0
508,144,147,149,0,146.4,0
509,120,150,172,0,144.6,0
510,150,177,186,0,168.89999999999998,1
511,163,159,151,0,158.2,0
512,152,156,109,0,140.29999999999998,0
513,112,110,100,0,107.80000000000001,0
514,146,149,155,0,149.6,0
515,133,183,164,0,157.29999999999998,0
516,166,141,139,1,150.4,0
517,157,165,145,0,155.8,0
518,165,148,156,0,157.2,0
519,161,153,151,0,155.60000000000002,0
520,159,142,153,0,152.1,0
521,112,149,145,0,133.0,0
522,140,140,152,0,143.6,0
523,143,163,168,0,156.5,0
524,148,138,165,0,150.1,0
525,146,165,129,0,146.6,0
526,163,200,159,0,172.9,1
527,167,123,140,0,145.7,0
528,132,107,162,0,133.5,0
529,168,135,178,0,161.1,0
530,166,169,171,0,168.39999999999998,1
531,164,140,141,1,149.9,0
532,126,166,156,0,147.0,0
533,163,173,162,0,165.7,1
534,156,149,164,0,156.29999999999998,0
535,174,172,137,0,162.3,0
536,190,109,165,0,158.2,0
537,186,171,161,0,174.0,1
538,157,170,135,0,154.3,0
539,154,153,162,0,156.1,0
540,167,175,146,0,163.1,0
541,132,183,137,0,148.8,0
542,125,193,146,0,151.7,0
543,145,193,135,0,156.4,0
544,179,156,140,0,160.4,0
545,148,152,184,1,160.0,0
546,185,153,129,0,158.6,0
547,100,101,170,0,121.3,0
548,123,168,164,0,148.79999999999998,0
549,152,200,185,0,176.3,1
550,172,166,195,0,177.1,1
551,153,126,152,0,144.6,0
552,153,135,161,1,150.0,0
553,152,136,156,0,148.39999999999998,0
554,119,188,132,0,143.6,0
555,178,165,146,0,164.5,0
556,200,200,200,0,200.0,1
557,176,162,163,0,167.9,1
558,153,132,123,0,137.70000000000002,0
559,176,136,167,0,161.3,0
560,161,168,176,0,167.60000000000002,1
561,198,106,192,0,168.6,0
562,159,117,125,0,136.2,0
563,125,170,160,0,149.0,0
564,155,183,122,0,153.5,0
565,189,155,150,0,167.10000000000002,1
566,181,148,100,1,146.8,0
567,135,182,118,0,144.0,0
568,165,151,161,0,159.6,0
569,159,142,177,0,159.3,0
570,171,124,152,1,151.2,0
571,156,145,168,0,156.3,0
572,150,192,192,0,175.2,1
573,181,178,134,0,166.0,1
574,159,157,167,1,160.8,0
575,180,154,180,0,172.2,1
576,174,174,158,0,169.20000000000002,1
577,148,157,163,0,155.20000000000002,0
578,151,129,164,0,148.29999999999998,0
579,193,157,146,0,168.10000000000002,1
580,158,158,180,0,164.6,0
581,139,155,129,0,140.79999999999998,0
582,130,160,146,0,143.8,0
583,174,141,157,0,159.0,0
584,158,158,173,0,162.5,0
585,139,122,132,0,131.8,0
586,168,136,173,0,159.9,0
587,158,150,152,0,153.8,0
588,121,167,175,0,151.0,0
589,166,149,198,0,170.5,1
590,181,163,173,0,173.20000000000002,1
591,200,175,161,0,180.8,1
592,155,200,162,0,170.6,1
593,159,149,167,0,158.4,0
594,187,142,167,0,167.5,1
595,158,155,138,0,151.1,0
596,160,158,159,0,159.1,0
597,142,165,166,0,156.10000000000002,0
598,127,171,136,0,142.89999999999998,0
599,173,149,152,0,159.5,0
600,129,169,127,0,140.4,0
601,177,156,102,0,148.2,0
602,139,179,151,0,154.6,0
603,160,149,148,1,153.1,0
604,147,157,185,0,161.4,0
605,178,160,126,0,157.0,0
606,161,177,166,0,167.3,1
607,194,154,158,0,171.20000000000002,1
608,133,134,176,0,146.2,0
609,163,121,146,0,145.3,0
610,155,175,167,1,164.6,0
611,160,167,135,0,154.6,0
612,186,188,163,0,179.70000000000002,1
613,166,156,157,0,160.3,0
614,132,156,145,0,143.1,0
615,165,158,177,0,166.5,1
616,146,144,157,1,148.7,0
617,145,140,169,0,150.7,0
618,175,163,186,0,174.7,1
619,142,178,181,0,164.5,0
620,147,167,176,1,161.7,0
621,155,145,150,0,150.5,0
622,173,163,161,0,166.39999999999998,1
623,166,158,166,0,163.60000000000002,0
624,150,143,172,0,154.5,0
625,149,130,166,0,148.39999999999998,0
626,131,138,143,0,136.70000000000002,0
627,139,178,150,0,154.0,0
628,141,160,151,0,149.7,0
629,152,142,147,0,147.5,0
630,194,156,170,0,175.4,1
631,141,167,119,0,142.2,0
632,149,144,142,0,145.4,0
633,113,139,148,0,131.3,0
634,167,119,180,0,156.5,0
635,123,176,135,0,142.5,0
636,136,166,165,0,153.7,0
637,175,168,157,1,167.5,1
638,112,166,141,1,136.89999999999998,0
639,156,114,196,0,155.39999999999998,0
640,171,157,169,0,166.2,1
641,185,163,145,0,166.4,1
642,136,156,178,0,154.6,0
643,142,107,155,0,135.4,0
644,191,152,131,0,161.3,0
645,154,149,100,0,136.3,0
646,140,175,168,0,158.9,0
647,140,152,163,0,150.5,0
648,200,200,200,0,200.0,1
649,146,144,125,0,139.1,0
650,176,169,140,1,163.1,0
651,172,168,144,0,162.39999999999998,0
652,131,150,164,0,146.6,0
653,200,200,100,0,170.0,0
654,146,108,146,0,134.60000000000002,0
655,170,114,120,0,138.2,0
656,151,138,130,0,140.8,0
657,162,152,186,0,166.2,1
658,151,139,146,0,145.89999999999998,0
659,111,124,179,0,135.29999999999998,0
660,155,154,173,0,160.1,0
661,129,154,121,0,134.1,0
662,169,181,170,0,172.9,1
663,141,147,134,0,140.7,0
664,142,150,136,0,142.60000000000002,0
665,154,140,170,1,154.6,0
666,166,200,144,0,169.6,1
667,151,167,124,0,147.7,0
668,187,138,131,1,155.5,0
669,187,115,146,0,153.1,0
670,189,129,168,0,164.70000000000002,0
671,150,136,125,0,138.3,0
672,125,127,155,0,134.6,0
673,179,152,187,0,173.3,1
674,146,134,128,0,137.0,0
675,155,122,144,0,141.79999999999998,0
676,167,167,145,0,160.4,0
677,122,124,135,0,126.5,0
678,104,198,173,0,152.9,0
679,172,173,152,0,166.29999999999998,1
680,162,190,153,1,167.7,1
681,172,155,184,0,170.5,1
682,166,168,160,0,164.8,1
683,157,168,153,0,159.1,0
684,148,200,153,0,165.1,1
685,140,135,139,0,138.2,0
686,160,145,179,0,161.2,0
687,162,146,145,0,152.1,0
688,176,156,155,1,163.7,0
689,159,150,113,0,142.5,0
690,137,153,167,0,150.8,0
691,123,157,183,0,151.20000000000002,0
692,152,194,179,0,172.7,1
693,154,160,134,0,149.79999999999998,0
694,153,171,166,0,162.3,0
695,124,168,156,0,146.8,0
696,176,162,142,0,161.6,0
697,176,149,165,0,164.6,0
698,138,171,168,0,156.9,0
699,171,119,163,0,153.0,0
700,174,185,164,0,174.3,1
701,155,168,153,0,158.3,0
702,136,157,188,0,157.9,0
703,187,154,138,0,162.4,0
704,162,159,162,0,161.1,0
705,149,171,128,1,149.3,0
706,170,164,152,1,162.79999999999998,0
707,187,182,160,0,177.4,1
708,145,189,158,0,162.1,0
709,168,176,168,0,170.4,1
710,193,125,139,0,156.4,0
711,132,144,138,0,137.4,0
712,191,200,106,0,168.2,0
713,143,197,138,0,157.7,0
714,151,143,141,0,145.60000000000002,0
715,150,167,137,0,151.2,0
716,161,179,127,0,156.2,0
717,138,157,161,0,150.60000000000002,0
718,142,130,149,0,140.5,0
719,161,194,157,0,169.7,1
720,158,137,147,0,148.4,0
721,172,140,198,0,170.2,1
722,163,160,115,0,147.7,0
723,170,156,143,1,157.7,0
724,132,136,124,0,130.79999999999998,0
725,147,188,169,0,165.9,1
726,191,165,142,0,168.5,1
727,162,173,160,1,164.7,0
728,169,154,130,0,152.8,0
729,100,200,200,0,160.0,0
730,163,181,151,1,164.8,0
731,150,144,144,0,146.39999999999998,0
732,200,147,200,0,184.1,1
733,147,164,160,0,156.0,0
734,154,173,117,0,148.6,0
735,106,173,198,0,153.70000000000002,0
736,177,136,151,0,156.89999999999998,0
737,143,133,132,0,136.7,0
738,153,138,140,0,144.6,0
739,193,200,101,0,167.5,0
740,152,172,176,0,165.2,1
741,149,161,164,1,157.1,0
742,154,160,140,0,151.6,0
743,153,121,168,0,147.9,0
744,151,161,160,0,156.7,0
745,151,123,158,0,144.70000000000002,0
746,181,171,156,1,170.5,1
747,172,148,149,0,157.89999999999998,0
748,172,159,158,0,163.9,0
749,140,150,144,1,144.2,0
750,180,153,168,0,168.3,1
751,177,132,159,0,158.1,0
752,197,189,107,0,167.6,0
753,185,153,131,1,159.2,0
754,141,159,179,0,157.79999999999998,0
755,118,165,136,0,137.5,0
756,177,164,143,1,162.9,0
757,152,160,152,0,154.4,0
758,174,141,186,0,167.7,1
759,139,129,137,0,135.4,0
760,129,134,175,1,144.3,0
761,179,138,174,1,165.2,0
762,126,171,179,0,155.4,0
763,123,176,142,1,144.6,0
764,116,139,171,0,139.39999999999998,0
765,101,192,192,0,155.6,0
766,134,122,164,1,139.4,0
767,111,142,146,0,130.8,0
768,154,163,116,0,145.3,0
769,110,133,159,0,131.6,0
770,133,178,170,0,157.6,0
771,200,162,173,0,180.5,1
772,161,176,162,0,165.8,1
773,156,139,147,0,148.2,0
774,122,169,140,0,141.5,0
775,150,132,171,0,150.89999999999998,0
776,155,168,173,0,164.3,0
777,122,183,154,0,149.9,0
778,157,183,160,0,165.7,1
779,178,144,158,0,161.8,0
780,148,137,145,0,143.8,0
781,151,151,172,0,157.3,0
782,114,186,184,1,156.6,0
783,127,127,121,0,125.2,0
784,176,124,165,0,157.1,0
785,141,114,163,0,139.5,0
786,136,156,151,0,146.5,0
787,141,121,135,1,133.2,0
788,200,100,200,0,170.0,0
789,131,187,151,0,153.8,0
790,157,152,189,0,165.1,1
791,127,200,172,0,162.4,0
792,170,159,156,0,162.5,0
793,133,144,151,1,141.7,0
794,181,144,158,0,163.0,0
795,154,183,165,0,166.0,1
796,138,170,158,0,153.6,0
797,173,114,146,0,147.2,0
798,127,117,176,0,138.7,0
799,144,125,188,0,151.5,0
800,154,143,154,0,150.7,0
801,152,129,158,1,146.9,0
802,114,139,170,0,138.3,0
803,136,138,148,0,140.20000000000002,0
804,158,132,113,0,136.70000000000002,0
805,128,197,158,0,157.7,0
806,180,183,176,0,179.7,1
807,164,190,129,0,161.3,0
808,144,188,111,0,147.3,0
809,150,153,166,0,155.7,0
810,192,157,134,0,164.1,0
811,173,136,126,1,147.8,0
812,162,157,131,0,151.2,0
813,126,134,161,0,138.89999999999998,0
814,100,200,200,1,160.0,0
815,176,139,127,0,150.2,0
816,152,172,159,0,160.1,0
817,144,156,160,0,152.4,0
818,151,167,159,0,158.2,0
819,130,155,167,0,148.6,0
820,145,136,154,1,145.0,0
821,108,197,195,0,160.8,0
822,118,156,159,0,141.7,0
823,148,181,175,0,166.0,1
824,157,182,149,0,162.1,0
825,157,149,138,0,148.9,0
826,131,157,171,0,150.8,0
827,131,137,144,0,136.7,0
828,176,137,149,0,156.2,0
829,130,143,171,0,146.2,0
830,175,164,166,0,169.0,1
831,191,110,180,0,163.4,0
832,176,185,147,0,170.0,1
833,146,164,177,0,160.7,0
834,131,149,137,0,138.2,0
835,172,175,197,0,180.39999999999998,1
836,154,140,184,0,158.79999999999998,0
837,183,142,170,0,166.8,1
838,172,181,128,0,161.5,0
839,150,128,165,0,147.9,0
840,146,152,141,0,146.3,0
841,155,147,169,0,156.79999999999998,0
842,158,140,158,0,152.6,0
843,137,174,151,0,152.3,0
844,171,172,194,0,178.2,1
845,147,168,138,0,150.6,0
846,146,155,144,1,148.1,0
847,144,167,169,0,158.4,0
848,159,114,143,0,140.7,0
849,141,146,144,0,143.4,0
850,157,155,173,0,161.20000000000002,0
851,200,143,173,0,174.8,1
852,107,106,104,0,105.8,0
853,146,200,167,0,168.5,1
854,196,184,112,0,167.2,0
855,156,163,156,0,158.10000000000002,0
856,132,159,150,0,145.5,0
857,147,131,158,0,145.5,0
858,158,125,144,0,143.9,0
859,120,122,178,0,138.0,0
860,158,160,139,0,152.9,0
861,161,114,171,0,149.89999999999998,0
862,129,167,196,0,160.5,0
863,147,150,153,0,149.70000000000002,0
864,118,164,180,0,150.4,0
865,186,128,162,0,161.4,0
866,161,186,157,0,167.3,1
867,197,189,113,1,169.4,0
868,151,117,168,0,145.9,0
869,177,179,165,0,174.0,1
870,153,129,155,1,146.4,0
871,161,130,141,0,145.7,0
872,185,131,188,1,169.7,1
873,148,148,161,1,151.89999999999998,0
874,127,193,192,0,166.3,0
875,138,166,198,0,164.4,0
876,183,200,175,0,185.7,1
877,156,141,134,0,144.9,0
878,144,145,133,0,141.0,0
879,174,127,195,0,166.20000000000002,1
880,174,133,122,1,146.1,0
881,145,177,140,0,153.1,0
882,200,200,100,1,170.0,0
883,123,164,161,0,146.7,0
884,119,155,125,0,131.6,0
885,149,133,157,0,146.6,0
886,137,138,195,0,154.7,0
887,192,117,137,0,153.0,0
888,156,150,124,0,144.6,0
889,192,196,114,0,169.8,0
890,100,200,200,0,160.0,0
891,158,174,146,1,159.2,0
892,169,128,175,0,158.5,0
893,168,155,178,0,167.1,1
894,160,134,182,0,158.79999999999998,0
895,165,162,174,0,166.79999999999998,1
896,159,137,150,0,149.7,0
897,132,171,144,1,147.29999999999998,0
898,162,167,156,0,161.7,0
899,175,161,175,0,170.8,1
900,194,109,200,0,170.3,0
901,166,160,161,0,162.7,0
902,163,161,175,1,166.0,0
903,191,165,177,0,179.0,1
904,149,147,167,0,153.8,0
905,149,132,133,0,139.1,0
906,152,154,150,0,152.0,0
907,152,165,153,0,156.20000000000002,0
908,109,165,117,0,128.2,0
909,142,189,137,0,154.6,0
910,200,100,200,0,170.0,0
911,154,126,146,0,143.2,0
912,139,144,125,0,136.3,0
913,141,146,164,0,149.4,0
914,147,138,178,0,153.6,0
915,138,134,119,0,131.1,0
916,144,152,151,1,148.5,0
917,144,153,137,0,144.6,0
918,172,134,138,0,150.4,0
919,175,132,135,0,150.1,0
920,173,162,159,0,165.5,1
921,163,164,153,0,160.3,0
922,140,138,182,0,152.0,0
923,174,151,134,0,155.1,0
924,148,164,185,0,163.9,0
925,155,157,155,0,155.6,0
926,181,186,157,0,175.29999999999998,1
927,156,128,138,0,142.20000000000002,0
928,159,123,163,1,149.4,0
929,126,169,182,0,155.7,0
930,164,162,137,0,155.3,0
931,135,144,177,0,150.29999999999998,0
932,175,176,141,1,165.1,0
933,151,142,145,0,146.5,0
934,110,165,160,0,141.5,0
935,147,151,154,0,150.29999999999998,0
936,150,139,152,0,147.29999999999998,0
937,164,146,154,0,155.6,0
938,168,178,195,0,179.1,1
939,148,147,158,0,150.70000000000002,0
940,175,185,133,0,165.4,1
941,100,158,130,0,126.4,0
942,140,149,149,1,145.39999999999998,0
943,132,134,192,0,150.6,0
944,129,168,200,0,162.0,0
945,174,159,174,1,169.5,1
946,171,153,130,0,153.3,0
947,139,156,136,0,143.2,0
948,178,152,131,0,156.10000000000002,0
949,157,131,136,0,142.89999999999998,0
950,146,168,107,1,140.9,0
951,141,192,166,0,163.8,0
952,139,188,142,0,154.6,0
953,164,157,192,0,170.3,1
954,168,149,163,0,160.8,0
955,159,156,169,0,161.1,0
956,113,142,118,0,123.20000000000002,0
957,160,160,144,0,155.2,0
958,166,162,130,0,154.0,0
959,141,130,122,0,132.0,0
960,155,148,166,0,156.2,0
961,117,172,156,0,145.2,0
962,130,173,124,0,141.1,0
963,148,129,181,0,152.2,0
964,119,199,177,0,160.4,0
965,104,106,111,0,106.7,0
966,131,154,166,0,148.39999999999998,0
967,148,151,158,1,151.9,0
968,145,112,142,0,134.2,0
969,165,163,140,0,156.9,0
970,183,122,169,0,160.5,0
971,189,171,161,0,175.2,1
972,123,128,124,0,124.79999999999998,0
973,154,176,170,0,165.4,1
974,132,159,129,0,139.2,0
975,153,167,144,0,154.5,0
976,163,140,171,0,158.5,0
977,156,118,151,0,143.10000000000002,0
978,154,135,172,0,153.7,0
979,184,161,193,1,179.8,1
980,169,164,140,1,158.8,0
981,149,137,167,0,150.8,0
982,155,181,172,1,167.9,1
983,172,154,180,0,169.0,1
984,120,200,175,0,160.5,0
985,146,160,137,0,147.5,0
986,119,139,124,0,126.5,0
987,131,171,169,0,154.4,0
988,157,159,175,0,163.0,0
989,119,158,174,1,147.2,0
990,151,149,168,0,155.5,0
991,145,177,134,0,151.29999999999998,0
992,174,136,174,1,162.6,0
993,128,161,116,1,134.3,0
994,116,155,170,0,143.9,0
995,146,134,133,0,138.5,0
996,167,153,132,0,152.29999999999998,0
997,176,136,126,1,149.0,0
998,136,195,117,0,148.0,0
999,164,175,173,0,170.0,1
1000,132,122,127,0,127.5,0
1001,140,145,161,0,147.8,0
1002,166,167,185,0,172.0,1
1003,169,178,132,0,160.6,0
1004,135,172,167,1,155.7,0
1005,164,193,132,0,163.1,0
1006,199,194,101,0,168.10000000000002,0
1007,150,180,135,0,154.5,0
1008,132,131,140,0,134.1,0
1009,138,172,167,0,156.9,0
1010,129,150,157,0,143.7,0
1011,166,152,127,0,150.1,0
1012,166,182,129,0,159.7,0
1013,141,174,182,0,163.2,0
1014,162,151,123,0,147.0,0
1015,160,200,184,0,179.2,1
1016,152,180,139,0,156.5,0
1017,200,100,200,0,170.0,0
1018,138,106,159,0,134.7,0
1019,155,160,145,0,153.5,0
1020,147,147,166,0,152.7,0
1021,147,142,150,0,146.4,0
1022,158,145,137,0,147.8,0
1023,149,158,139,0,148.7,0
1024,137,181,148,0,153.5,0
1025,157,135,186,0,159.10000000000002,0
1026,178,153,155,0,163.6,0
1027,173,150,142,0,156.8,0
1028,159,138,130,0,144.0,0
1029,140,160,154,0,150.2,0
1030,158,190,144,0,163.4,0
1031,176,167,110,1,153.5,0
1032,178,156,165,0,167.5,1
1033,162,146,170,0,159.6,0
1034,147,155,165,0,154.8,0
1035,150,120,191,0,153.3,0
1036,170,153,163,0,162.8,0
1037,168,151,148,0,156.9,0
1038,119,164,166,0,146.6,0
1039,168,173,171,0,170.39999999999998,1
1040,169,169,153,0,164.20000000000002,0
1041,137,152,160,0,148.4,0
1042,139,144,152,0,144.4,0
1043,139,142,182,1,152.8,0
1044,141,139,180,0,152.1,0
1045,126,142,150,0,138.0,0
1046,200,200,200,0,200.0,1
1047,139,130,153,0,140.5,0
1048,153,163,122,0,146.7,0
1049,145,152,170,0,154.6,0
1050,160,138,172,0,157.0,0
1051,134,142,134,0,136.4,0
1052,159,171,172,0,166.5,1
1053,162,173,150,0,161.7,0
1054,171,200,192,0,186.0,1
1055,194,166,200,0,187.4,1
1056,113,141,150,0,132.5,0
1057,161,140,124,1,143.6,0
1058,140,162,180,0,158.6,0
1059,116,171,190,0,154.7,0
1060,171,183,170,0,174.3,1
1061,181,137,155,0,160.0,0
1062,147,157,177,0,159.0,0
1063,159,131,132,0,142.5,0
1064,114,109,112,0,111.9,0
1065,163,134,140,1,147.4,0
1066,172,184,151,0,169.3,1
1067,161,139,181,0,160.39999999999998,0
1068,161,167,180,0,168.5,1
1069,180,158,152,0,165.0,1
1070,151,155,142,0,149.5,0
1071,173,118,157,0,151.7,0
1072,138,153,137,0,142.2,0
1073,187,135,179,0,169.0,1
1074,169,143,141,0,152.8,0
1075,146,164,134,0,147.79999999999998,0
1076,112,200,172,0,156.4,0
1077,154,192,162,0,167.79999999999998,1
1078,131,165,142,0,144.5,0
1079,160,162,144,0,155.79999999999998,0
1080,184,147,150,0,162.70000000000002,0
1081,158,134,136,0,144.2,0
1082,151,163,158,0,156.70000000000002,0
1083,161,146,150,0,153.2,0
1084,160,190,122,0,157.6,0
1085,107,197,146,0,145.7,0
1086,159,197,183,0,177.6,1
1087,167,142,136,0,150.2,0
1088,149,144,143,0,145.7,0
1089,174,130,146,0,152.4,0
1090,152,167,152,0,156.5,0
1091,170,137,127,0,147.2,0
1092,200,142,139,1,164.29999999999998,0
1093,153,137,151,0,147.60000000000002,0
1094,116,143,167,0,139.4,0
1095,148,188,165,0,165.1,1
1096,120,105,159,0,127.19999999999999,0
1097,167,165,159,0,164.0,0
1098,181,138,135,0,154.3,0
1099,168,200,116,0,162.0,0
1100,161,171,126,0,153.5,0
1101,142,134,162,0,145.6,0
1102,186,142,164,0,166.2,1
1103,170,143,135,0,151.4,0
1104,160,178,188,0,173.8,1
1105,159,188,187,0,176.1,1
1106,157,158,137,0,151.3,0
1107,164,152,156,1,158.0,0
1108,142,175,176,0,162.10000000000002,0
1109,185,155,184,0,175.7,1
1110,158,164,159,0,160.1,0
1111,167,159,145,0,158.0,0
1112,146,139,166,0,149.89999999999998,0
1113,162,182,165,0,168.9,1
1114,109,143,189,0,143.2,0
1115,132,193,170,0,161.7,0
1116,154,178,164,0,164.2,0
1117,128,158,154,0,144.79999999999998,0
1118,200,130,165,0,168.5,1
1119,121,188,111,0,138.10000000000002,0
1120,161,161,160,0,160.7,0
1121,188,172,167,0,176.9,1
1122,164,184,122,0,157.4,0
1123,148,132,133,1,138.70000000000002,0
1124,143,162,117,0,140.9,0
1125,168,147,165,1,160.8,0
1126,138,161,171,1,154.8,0
1127,152,164,126,0,147.8,0
1128,168,121,148,0,147.9,0
1129,112,102,110,0,108.4,0
1130,156,156,166,0,159.0,0
1131,148,129,135,0,138.4,0
1132,135,140,137,0,137.1,0
1133,178,157,163,0,167.20000000000002,1
1134,182,168,200,0,183.2,1
1135,148,152,138,0,146.20000000000002,0
1136,149,141,141,0,144.2,0
1137,151,134,148,0,145.0,0
1138,165,147,166,1,159.89999999999998,0
1139,136,139,158,0,143.5,0
1140,153,166,142,0,153.6,0
1141,160,160,145,0,155.5,0
1142,167,141,143,0,152.0,0
1143,100,159,133,1,127.6,0
1144,163,200,174,0,177.4,1
1145,161,170,147,0,159.5,0
1146,175,160,165,0,167.5,1
1147,144,169,142,0,150.9,0
1148,144,180,157,0,158.7,0
1149,179,124,176,1,161.60000000000002,0
1150,123,146,184,0,148.2,0
1151,187,142,174,0,169.6,1
1152,200,142,136,0,163.39999999999998,0
1153,164,197,125,0,162.2,0
1154,171,165,154,0,164.1,0
1155,125,177,164,1,152.29999999999998,0
1156,141,160,189,0,161.1,0
1157,176,200,153,0,176.3,1
1158,162,114,170,0,150.0,0
1159,151,145,160,0,151.9,0
1160,159,146,130,0,146.4,0
1161,165,148,167,0,160.5,0
1162,149,173,152,0,157.1,0
1163,154,156,172,1,160.0,0
1164,154,168,127,1,150.1,0
1165,133,175,171,0,157.0,0
1166,161,159,152,0,157.7,0
1167,191,169,144,0,170.29999999999998,1
1168,189,146,186,0,175.2,1
1169,125,142,171,0,143.89999999999998,0
1170,166,137,171,0,158.8,0
1171,168,156,152,0,159.6,0
1172,146,135,131,0,138.2,0
1173,135,133,129,1,132.6,0
1174,128,168,148,0,146.0,0
1175,146,136,127,0,137.3,0
1176,162,166,145,0,158.1,0
1177,151,148,154,0,151.0,0
1178,142,143,148,0,144.1,0
1179,130,173,158,0,151.3,0
1180,200,200,100,0,170.0,0
1181,176,159,170,0,169.1,1
1182,136,183,152,0,154.9,0
1183,163,121,166,0,151.3,0
1184,117,176,147,0,143.7,0
1185,141,138,152,0,143.4,0
1186,169,150,132,0,152.20000000000002,0
1187,132,162,159,0,149.1,0
1188,142,141,140,0,141.1,0
1189,183,154,160,0,167.4,1
1190,140,146,172,1,151.4,0
1191,193,109,192,0,167.5,0
1192,166,197,194,0,183.7,1
1193,194,117,163,0,161.60000000000002,0
1194,200,200,100,0,170.0,0
1195,170,162,159,0,164.29999999999998,0
1196,181,132,158,0,159.4,0
1197,161,151,167,0,159.8,0
1198,149,161,143,0,150.8,0
1199,137,162,161,1,151.7,0
1200,126,171,136,0,142.5,0
1201,177,176,157,0,170.7,1
1202,158,148,168,0,158.0,0
1203,181,156,172,0,170.8,1
1204,174,126,147,0,151.5,0
1205,142,153,179,0,156.4,0
1206,131,125,150,0,134.9,0
1207,163,155,131,0,151.0,0
1208,142,171,157,0,155.2,0
1209,162,163,169,0,164.39999999999998,0
1210,140,156,141,0,145.1,0
1211,137,171,127,0,144.2,0
1212,152,176,155,1,160.1,0
1213,173,138,152,0,156.2,0
1214,161,178,139,0,159.5,0
1215,178,139,181,1,167.2,1
1216,130,146,171,0,147.1,0
1217,133,169,175,0,156.4,0
1218,153,158,129,0,147.29999999999998,0
1219,198,154,149,0,170.1,1
1220,168,158,145,0,158.1,0
1221,133,181,147,0,151.6,0
1222,153,156,175,0,160.5,0
1223,159,169,143,0,157.2,0
1224,143,169,142,0,150.5,0
1225,167,196,175,0,178.1,1
1226,151,182,190,0,172.0,1
1227,149,169,181,1,164.6,0
1228,200,100,200,0,170.0,0
1229,120,158,114,0,129.6,0
1230,135,151,139,0,141.0,0
1231,138,154,152,0,147.0,0
1232,138,155,161,0,150.0,0
1233,100,200,200,0,160.0,0
1234,164,146,177,0,162.5,0
1235,176,153,166,0,166.10000000000002,1
1236,173,148,155,0,160.1,0
1237,134,151,126,0,136.7,0
1238,152,151,178,0,159.5,0
1239,164,173,154,0,163.7,0
1240,159,170,119,0,150.29999999999998,0
1241,181,175,179,0,178.6,1
1242,141,179,192,0,167.7,1
1243,158,140,150,0,150.2,0
1244,147,155,134,1,145.5,0
1245,160,161,177,0,165.4,1
1246,133,163,183,0,157.0,0
1247,136,165,169,1,154.6,0
1248,140,183,113,0,144.8,0
1249,143,144,142,0,143.0,0
1250,185,159,136,0,162.5,0
1251,178,130,166,0,160.0,0
1252,150,163,184,0,164.1,0
1253,158,123,155,0,146.6,0
1254,123,162,151,1,143.10000000000002,0
1255,151,179,125,1,151.6,0
1256,158,167,128,0,151.70000000000002,0
1257,177,133,155,0,157.2,0
1258,161,139,183,0,161.0,0
1259,163,167,145,0,158.8,0
1260,160,152,143,0,152.5,0
1261,160,111,133,0,137.2,0
1262,127,183,129,0,144.4,0
1263,146,158,174,0,158.0,0
1264,183,126,149,1,155.7,0
1265,171,159,171,0,167.39999999999998,1
1266,164,199,118,0,160.70000000000002,0
1267,156,152,147,0,152.1,0
1268,168,151,185,0,168.0,1
1269,136,142,131,0,136.3,0
1270,123,167,134,0,139.5,0
1271,100,200,200,1,160.0,0
1272,165,171,154,0,163.5,0
1273,157,140,160,0,152.8,0
1274,175,169,152,0,166.29999999999998,1
1275,162,131,156,0,150.89999999999998,0
1276,155,164,155,0,157.7,0
1277,181,139,136,0,154.89999999999998,0
1278,177,155,146,1,161.1,0
1279,153,123,128,0,136.5,0
1280,132,156,158,0,147.0,0
1281,136,154,137,0,141.7,0
1282,151,124,165,0,147.1,0
1283,147,189,165,0,165.0,1
1284,188,167,112,0,158.9,0
1285,121,133,171,0,139.60000000000002,0
1286,153,134,168,0,151.8,0
1287,133,150,157,0,145.3,0
1288,157,143,111,0,139.0,0
1289,162,153,117,0,145.79999999999998,0
1290,146,111,170,0,142.7,0
1291,165,188,144,0,165.6,1
1292,117,191,198,0,163.5,0
1293,151,179,100,0,144.1,0
1294,146,151,164,0,152.9,0
1295,168,200,140,0,169.2,1
1296,157,172,139,1,156.1,0
1297,186,176,174,0,179.4,1
1298,180,178,147,0,169.5,1
1299,166,156,162,0,161.8,0
1300,111,158,137,0,132.9,0
1301,125,152,193,0,153.5,0
1302,174,162,138,1,159.60000000000002,0
1303,145,156,170,0,155.8,0
1304,159,162,144,0,155.4,0
1305,142,139,157,0,145.6,0
1306,165,146,150,0,154.8,0
1307,174,166,149,1,164.1,0
1308,130,155,148,0,142.9,0
1309,100,200,200,0,160.0,0
1310,121,168,162,0,147.4,0
1311,159,172,159,0,162.9,0
1312,121,164,153,0,143.5,0
1313,147,150,181,0,158.10000000000002,0
1314,165,137,171,0,158.39999999999998,0
1315,196,178,140,0,173.8,1
1316,162,141,157,0,154.2,0
1317,180,155,176,0,171.3,1
1318,160,187,152,0,165.7,1
1319,161,139,155,0,152.6,0
1320,150,149,146,0,148.5,0
1321,147,157,145,0,149.4,0
1322,178,119,172,0,158.5,0
1323,162,133,159,0,152.39999999999998,0
1324,161,180,167,0,168.5,1
1325,200,100,200,0,170.0,0
1326,148,171,145,0,154.0,0
1327,196,160,133,0,166.3,1
1328,153,115,148,0,140.1,0
1329,181,134,166,0,162.39999999999998,0
1330,144,110,163,0,139.5,0
1331,171,167,122,0,155.1,0
1332,160,200,191,0,181.3,1
1333,146,123,142,0,137.9,0
1334,167,176,153,0,165.5,1
1335,124,176,159,1,150.1,0
1336,166,158,188,0,170.20000000000002,1
1337,170,127,138,0,147.5,0
1338,160,137,138,0,146.5,0
1339,181,114,135,0,147.1,0
1340,153,152,159,1,154.5,0
1341,152,159,166,0,158.3,0
1342,162,171,158,1,163.5,0
1343,172,150,191,0,171.1,1
1344,166,138,148,0,152.20000000000002,0
1345,150,141,159,0,150.0,0
1346,135,152,119,0,135.29999999999998,0
1347,168,161,107,0,147.6,0
1348,139,182,165,0,159.7,0
1349,138,195,165,0,163.2,0
1350,141,154,131,0,141.89999999999998,0
1351,156,133,153,0,148.20000000000002,0
1352,139,179,167,0,159.4,0
1353,132,200,148,0,157.20000000000002,0
1354,114,106,112,1,111.0,0
1355,151,145,153,0,149.8,0
1356,164,152,194,0,169.4,1
1357,156,155,171,0,160.2,0
1358,133,141,146,0,139.3,0
1359,159,127,172,0,153.3,0
1360,161,167,160,0,162.5,0
1361,145,152,156,0,150.39999999999998,0
1362,139,177,161,1,157.0,0
1363,139,165,161,0,153.39999999999998,0
1364,144,175,128,0,148.5,0
1365,199,156,160,0,174.4,1
1366,137,169,148,0,149.9,0
1367,160,140,154,1,152.2,0
1368,140,165,136,0,146.3,0
1369,144,175,162,0,158.7,0
1370,140,181,159,0,158.0,0
1371,171,149,154,0,159.29999999999998,0
1372,162,167,160,0,162.9,0
1373,152,181,162,0,163.7,0
1374,165,123,173,1,154.8,0
1375,169,147,126,0,149.5,0
1376,137,166,188,0,161.0,0
1377,165,149,156,0,157.5,0
1378,140,141,147,0,142.4,0
1379,171,163,172,0,168.9,1
1380,169,145,153,0,157.0,0
1381,163,156,188,0,168.4,1
1382,150,124,159,0,144.89999999999998,0
1383,144,145,174,0,153.29999999999998,0
1384,149,160,155,0,154.1,0
1385,180,104,185,1,158.7,0
1386,141,154,168,0,153.0,0
1387,200,200,100,0,170.0,0
1388,120,177,179,0,154.79999999999998,0
1389,160,150,168,0,159.4,0
1390,134,154,171,0,151.1,0
1391,128,156,175,0,150.5,0
1392,165,145,175,0,162.0,0
1393,159,139,177,0,158.4,0
1394,146,172,115,1,144.5,0
1395,148,131,141,0,140.8,0
1396,200,167,170,0,181.1,1
1397,151,151,169,0,156.4,0
1398,150,148,115,0,138.9,0
1399,168,161,149,0,160.2,0
1400,197,197,105,0,169.4,0
1401,174,134,129,1,148.5,0
1402,160,154,156,0,157.0,0
1403,170,146,142,0,154.4,0
1404,163,140,145,0,150.7,0
1405,167,113,146,0,144.5,0
1406,154,172,159,0,160.9,0
1407,159,172,171,1,166.5,0
1408,149,131,136,0,139.7,0
1409,167,153,151,0,158.0,0
1410,128,130,160,1,138.2,0
1411,169,148,149,0,156.7,0
1412,174,142,169,0,162.9,0
1413,169,182,155,1,168.70000000000002,1
1414,152,127,178,0,152.3,0
1415,165,119,133,0,141.6,0
1416,139,148,200,0,160.0,0
1417,171,149,142,0,155.7,0
1418,133,194,183,0,166.3,0
1419,166,139,177,0,161.2,0
1420,165,184,188,0,177.6,1
1421,163,165,170,0,165.7,1
1422,146,188,140,0,156.8,0
1423,170,160,100,0,146.0,0
1424,118,122,140,0,125.80000000000001,0
1425,200,100,200,0,170.0,0
1426,158,165,159,0,160.4,0
1427,111,109,100,0,107.1,0
1428,159,200,130,0,162.6,0
1429,191,118,131,0,151.10000000000002,0
1430,136,142,145,1,140.5,0
1431,200,200,200,1,200.0,1
1432,137,155,185,0,156.8,0
1433,152,145,160,0,152.3,0
1434,169,184,143,0,165.70000000000002,1
1435,167,156,162,0,162.2,0
1436,196,176,139,1,172.89999999999998,1
1437,147,146,185,0,158.1,0
1438,180,175,124,0,161.7,0
1439,149,159,166,0,157.1,0
1440,140,122,128,0,131.0,0
1441,122,130,146,0,131.60000000000002,0
1442,158,177,167,0,166.4,1
1443,144,155,163,0,153.0,0
1444,171,177,150,0,166.5,1
1445,144,169,156,0,155.1,0
1446,145,132,123,0,134.5,0
1447,162,131,124,0,141.29999999999998,0
1448,189,152,165,0,170.70000000000002,1
1449,133,158,190,0,157.6,0
1450,175,141,171,0,163.6,0
1451,172,165,160,1,166.3,0
1452,150,150,174,0,157.2,0
1453,168,139,157,0,156.0,0
1454,149,160,173,0,159.5,0
1455,200,142,162,1,171.2,1
1456,152,125,157,0,145.4,0
1457,156,186,123,0,155.1,0
1458,148,115,162,0,142.3,0
1459,121,121,162,0,133.3,0
1460,149,171,170,0,161.9,0
1461,159,160,152,0,157.2,0
1462,185,143,161,1,165.2,0
1463,164,193,144,0,166.7,1
1464,200,200,200,0,200.0,1
1465,156,152,144,0,151.2,0
1466,161,155,143,0,153.8,0
1467,147,167,155,0,155.4,0
1468,168,168,121,0,153.89999999999998,0
1469,187,182,137,0,170.5,1
1470,147,145,122,0,138.9,0
1471,179,154,188,1,174.20000000000002,1
1472,172,149,163,0,162.4,0
1473,165,128,144,0,147.6,0
1474,157,148,135,0,147.7,0
1475,161,161,196,0,171.5,1
1476,150,157,122,0,143.7,0
1477,191,183,155,0,177.8,1
1478,140,158,181,0,157.7,0
1479,177,135,142,0,153.9,0
1480,185,144,135,0,157.7,0
1481,148,138,128,0,139.0,0
1482,178,142,171,0,165.10000000000002,1
1483,157,153,140,0,150.7,0
1484,156,170,135,0,153.9,0
1485,153,172,120,0,148.8,0
1486,122,136,141,0,131.89999999999998,0
1487,165,163,170,0,165.9,1
1488,183,153,167,0,169.2,1
1489,140,147,153,0,146.0,0
1490,171,141,143,0,153.6,0
1491,153,140,140,0,145.2,0
1492,133,144,125,0,133.9,0
1493,174,175,162,0,170.70000000000002,1
1494,188,173,157,0,174.2,1
1495,139,171,153,0,152.8,0
1496,159,109,161,0,144.6,0
1497,126,179,170,0,155.1,0
1498,154,161,166,0,159.7,0
1499,200,100,200,0,170.0,0
1500,190,151,148,0,165.7,1
1501,186,158,161,0,170.10000000000002,1
1502,187,181,153,0,175.0,1
1503,144,175,142,0,152.7,0
1504,150,136,150,0,145.8,0
1505,121,139,190,0,147.1,0
1506,140,163,181,0,159.2,0
1507,125,158,156,0,144.2,0
1508,162,137,147,0,150.0,0
1509,141,153,165,0,151.8,0
1510,132,141,173,0,147.0,0
1511,147,166,162,0,157.2,0
1512,131,200,133,0,152.3,0
1513,161,136,156,0,152.0,0
1514,160,163,158,0,160.3,0
1515,148,163,133,0,148.0,0
1516,140,150,158,0,148.4,0
1517,128,147,167,0,145.4,0
1518,200,200,200,0,200.0,1
1519,159,125,181,0,155.39999999999998,0
1520,164,115,128,0,138.5,0
1521,148,137,160,0,148.3,0
1522,150,142,145,0,146.1,0
1523,183,169,172,0,175.5,1
1524,142,132,175,0,148.9,0
1525,148,144,128,0,140.8,0
1526,169,176,147,0,164.5,0
1527,161,170,135,0,155.9,0
1528,114,164,153,0,140.7,0
1529,121,177,153,0,147.4,0
1530,141,200,181,0,170.7,1
1531,173,152,164,0,164.0,0
1532,168,167,176,0,170.10000000000002,1
1533,165,152,174,0,163.79999999999998,0
1534,167,151,133,0,152.0,0
1535,135,137,156,0,141.89999999999998,0
1536,167,188,174,1,175.39999999999998,1
1537,136,158,182,0,156.4,0
1538,173,185,170,1,175.7,1
1539,144,162,120,0,142.2,0
1540,160,137,163,0,154.0,0
1541,117,155,153,0,139.20000000000002,0
1542,128,167,169,1,152.0,0
1543,176,159,140,0,160.1,0
1544,168,118,156,1,149.39999999999998,0
1545,130,155,148,1,142.9,0
1546,180,147,180,0,170.1,1
1547,133,146,167,0,147.1,0
1548,155,127,150,0,145.1,0
1549,145,192,142,0,158.2,0
1550,136,174,146,0,150.39999999999998,0
1551,178,138,188,0,169.0,1
1552,188,150,151,0,165.5,1
1553,158,180,195,0,175.7,1
1554,185,122,158,0,158.0,0
1555,149,186,131,0,154.7,0
1556,157,162,177,0,164.5,0
1557,157,164,113,0,145.9,0
1558,131,151,157,0,144.8,0
1559,164,163,200,0,174.5,1
1560,169,194,188,1,182.20000000000002,1
1561,151,157,183,0,162.4,0
1562,121,141,174,0,142.9,0
1563,162,144,179,0,161.7,0
1564,124,175,138,0,143.5,0
1565,138,160,171,0,154.5,0
1566,157,159,162,0,159.1,0
1567,139,144,182,0,153.4,0
1568,160,183,188,1,175.3,1
1569,150,157,145,0,150.6,0
1570,122,138,126,0,128.0,0
1571,158,120,155,0,145.7,0
1572,166,130,185,1,160.9,0
1573,200,200,100,1,170.0,0
1574,147,137,150,0,144.9,0
1575,153,114,115,0,129.9,0
1576,125,138,141,0,133.7,0
1577,194,152,162,0,171.8,1
1578,185,166,154,0,170.0,1
1579,154,104,138,1,134.2,0
1580,152,153,184,0,161.9,0
1581,100,173,146,0,135.7,0
1582,175,137,116,1,145.89999999999998,0
1583,166,143,193,0,167.20000000000002,1
1584,171,159,176,0,168.89999999999998,1
1585,146,135,161,0,147.2,0
1586,145,136,135,0,139.3,0
1587,130,152,133,0,137.5,0
1588,170,158,157,0,162.5,0
1589,106,197,194,1,159.7,0
1590,177,155,126,0,155.1,0
1591,158,155,135,1,150.2,0
1592,148,159,164,0,156.1,0
1593,133,137,129,0,133.0,0
1594,140,113,177,1,143.0,0
1595,164,136,147,0,150.5,0
1596,149,145,177,0,156.2,0
1597,187,138,143,0,159.1,0
1598,178,132,168,0,161.20000000000002,0
1599,142,176,159,0,157.29999999999998,0
1600,130,138,188,1,149.8,0
1601,144,147,141,0,144.0,0
1602,176,166,196,0,179.0,1
1603,144,163,183,0,161.4,0
1604,165,140,141,0,150.3,0
1605,143,137,143,1,141.20000000000002,0
1606,161,153,162,0,158.9,0
1607,165,141,170,0,159.3,0
1608,174,152,135,0,155.70000000000002,0
1609,183,137,130,0,153.3,0
1610,181,163,120,0,157.3,0
1611,144,126,185,1,150.9,0
1612,152,150,154,0,152.0,0
1613,131,160,119,0,136.1,0
1614,150,160,149,0,152.7,0
1615,155,200,171,0,173.3,1
1616,146,150,163,0,152.3,0
1617,144,157,192,0,162.3,0
1618,175,153,159,0,163.6,0
1619,173,193,149,0,171.79999999999998,1
1620,162,175,160,0,165.3,1
1621,129,193,185,0,165.0,0
1622,159,143,168,0,156.9,0
1623,147,158,152,1,151.8,0
1624,181,156,133,0,159.1,0
1625,118,131,152,0,132.1,0
1626,143,161,128,0,143.9,0
1627,143,135,163,0,146.6,0
1628,145,176,163,0,159.7,0
1629,174,150,135,0,155.10000000000002,0
1630,107,124,139,0,121.69999999999999,0
1631,150,143,171,0,154.2,0
1632,172,155,154,0,161.5,0
1633,174,189,165,0,175.8,1
1634,144,172,143,1,152.1,0
1635,141,156,138,0,144.6,0
1636,161,172,149,0,160.7,0
1637,158,158,131,0,149.89999999999998,0
1638,156,137,143,0,146.4,0
1639,100,163,173,0,140.8,0
1640,132,172,142,0,147.0,0
1641,137,200,186,0,170.60000000000002,0
1642,167,160,173,0,166.7,1
1643,126,145,172,1,145.5,0
1644,134,173,161,0,153.8,0
1645,151,168,140,0,152.8,0
1646,129,186,133,0,147.3,0
1647,167,170,132,0,157.4,0
1648,147,120,159,0,142.5,0
1649,191,153,200,0,182.3,1
1650,142,180,164,0,160.0,0
1651,143,189,185,0,169.4,1
1652,171,138,152,0,155.4,0
1653,141,150,143,0,144.3,0
1654,185,168,170,0,175.4,1
1655,164,146,145,0,152.9,0
1656,148,149,149,1,148.6,0
1657,151,173,156,0,159.10000000000002,0
1658,200,175,133,0,172.4,1
1659,164,177,160,0,166.70000000000002,1
1660,158,165,152,1,158.3,0
1661,100,200,200,1,160.0,0
1662,175,152,155,0,162.1,0
1663,124,135,169,1,140.79999999999998,0
1664,151,144,138,0,145.0,0
1665,100,166,200,1,149.8,0
1666,144,158,129,1,143.7,0
1667,171,199,137,1,169.2,1
1668,182,160,166,1,170.6,1
1669,167,163,156,0,162.5,0
1670,167,154,135,1,153.5,0
1671,120,170,169,0,149.7,0
1672,141,188,131,1,152.10000000000002,0
1673,184,158,170,0,172.0,1
1674,180,101,189,0,159.0,0
1675,152,153,168,0,157.1,0
1676,138,176,158,0,155.4,0
1677,136,153,141,0,142.60000000000002,0
1678,145,152,136,0,144.39999999999998,0
1679,141,114,170,0,141.6,0
1680,174,118,170,0,156.0,0
1681,159,152,143,0,152.1,0
1682,175,170,159,0,168.7,1
1683,127,154,195,0,155.5,0
1684,179,138,147,0,157.1,0
1685,155,135,163,0,151.4,0
1686,191,170,162,0,176.0,1
1687,153,134,168,0,151.8,0
1688,125,171,189,0,158.0,0
1689,180,168,180,0,176.4,1
1690,152,184,138,0,157.4,0
1691,111,200,159,0,152.1,0
1692,157,149,111,0,140.8,0
1693,159,152,147,1,153.3,0
1694,176,183,116,0,160.10000000000002,0
1695,100,154,127,0,124.29999999999998,0
1696,177,123,161,0,156.0,0
1697,145,139,199,0,159.39999999999998,0
1698,193,162,164,1,175.0,1
1699,120,130,190,0,144.0,0
1700,165,195,110,0,157.5,0
1701,163,181,131,0,158.8,0
1702,199,113,186,0,169.3,0
1703,139,137,140,0,138.7,0
1704,147,157,174,0,158.1,0
1705,148,146,133,0,142.9,0
1706,129,152,136,1,138.0,0
1707,174,168,140,0,162.0,0
1708,133,151,110,0,131.5,0
1709,175,183,146,0,168.7,1
1710,119,172,162,0,147.8,0
1711,151,175,149,0,157.6,0
1712,151,131,155,0,146.2,0
1713,109,113,109,0,110.19999999999999,0
1714,174,154,144,0,159.0,0
1715,150,190,146,1,160.8,0
1716,145,179,150,0,156.7,0
1717,151,169,157,0,158.2,0
1718,174,179,144,0,166.5,1
1719,130,132,130,0,130.6,0
1720,134,126,161,0,139.7,0
1721,115,181,122,0,136.9,0
1722,195,142,140,0,162.6,0
1723,131,138,145,0,137.3,0
1724,117,167,135,1,137.4,0
1725,138,150,138,0,141.6,0
1726,142,152,166,1,152.2,0
1727,184,161,189,0,178.6,1
1728,145,158,123,1,142.3,0
1729,160,122,146,0,144.39999999999998,0
1730,119,145,156,0,137.89999999999998,0
1731,159,169,156,0,161.1,0
1732,122,141,121,1,127.39999999999999,0
1733,148,148,156,0,150.39999999999998,0
1734,139,149,155,0,146.8,0
1735,156,103,165,0,142.8,0
1736,167,157,131,1,153.2,0
1737,128,142,153,0,139.70000000000002,0
1738,200,200,200,0,200.0,1
1739,158,160,160,1,159.2,0
1740,168,139,188,0,165.3,1
1741,183,164,171,1,173.7,1
1742,145,145,145,0,145.0,0
1743,125,141,160,0,140.3,0
1744,158,125,158,0,148.1,0
1745,139,163,128,0,142.9,0
1746,136,151,197,0,158.8,0
1747,183,144,166,0,166.2,1
1748,167,123,174,0,155.89999999999998,0
1749,140,176,139,0,150.5,0
1750,154,149,130,0,145.3,0
1751,153,161,144,0,152.7,0
1752,158,161,156,0,158.3,0
1753,146,127,151,0,141.8,0
1754,116,168,134,0,137.0,0
1755,191,109,183,0,164.0,0
1756,144,150,143,0,145.5,0
1757,155,116,183,1,151.7,0
1758,133,179,151,0,152.2,0
1759,158,157,147,0,154.4,0
1760,147,150,151,0,149.10000000000002,0
1761,139,141,152,0,143.5,0
1762,129,153,160,0,145.5,0
1763,163,167,131,0,154.60000000000002,0
1764,163,153,192,0,168.7,1
1765,171,164,170,0,168.6,1
1766,165,133,181,0,160.2,0
1767,167,118,130,0,141.2,0
1768,162,139,163,0,155.4,0
1769,119,147,173,0,143.6,0
1770,149,134,184,0,155.0,0
1771,126,153,120,0,132.3,0
1772,182,149,137,1,158.6,0
1773,154,117,148,0,141.1,0
1774,180,169,162,0,171.29999999999998,1
1775,134,150,132,0,138.2,0
1776,153,131,179,0,154.2,0
1777,160,124,134,0,141.39999999999998,0
1778,148,200,115,0,153.7,0
1779,158,145,158,0,154.1,0
1780,200,200,200,1,200.0,1
1781,134,125,156,1,137.89999999999998,0
1782,100,200,200,0,160.0,0
1783,187,140,182,0,171.4,1
1784,139,150,168,0,151.0,0
1785,200,200,100,0,170.0,0
1786,168,154,128,0,151.8,0
1787,150,154,145,0,149.7,0
1788,162,151,145,0,153.6,0
1789,132,187,124,0,146.1,0
1790,156,147,170,0,157.5,0
1791,166,177,127,0,157.6,0
1792,139,159,127,0,141.4,0
1793,147,174,140,1,153.0,0
1794,161,166,131,0,153.5,0
1795,181,177,147,0,169.6,1
1796,154,200,126,1,159.39999999999998,0
1797,146,153,147,1,148.4,0
1798,152,163,149,1,154.4,0
1799,178,192,162,0,177.4,1
1800,142,159,160,0,152.5,0
1801,148,102,150,0,134.8,0
1802,142,146,161,0,148.89999999999998,0
1803,150,147,149,0,148.79999999999998,0
1804,159,157,182,0,165.3,1
1805,175,142,140,0,154.6,0
1806,112,200,143,0,147.70000000000002,0
1807,166,198,155,0,172.3,1
1808,137,122,139,1,133.1,0
1809,166,136,180,0,161.2,0
1810,179,176,167,0,174.5,1
1811,174,138,168,0,161.4,0
1812,158,146,165,0,156.5,0
1813,171,139,169,1,160.79999999999998,0
1814,136,183,140,0,151.3,0
1815,153,153,165,0,156.6,0
1816,185,180,133,0,167.9,1
1817,139,143,136,0,139.3,0
1818,158,170,162,0,162.8,0
1819,147,149,154,0,149.7,0
1820,151,158,160,0,155.8,0
1821,163,146,143,0,151.9,0
1822,149,149,140,0,146.3,0
1823,182,114,199,0,166.7,0
1824,144,160,156,0,152.39999999999998,0
1825,118,170,148,0,142.6,0
1826,158,135,171,0,155.0,0
1827,163,128,148,0,148.0,0
1828,182,180,122,0,163.4,0
1829,152,195,163,1,168.20000000000002,1
1830,127,174,178,1,156.4,0
1831,139,181,164,0,159.1,0
1832,129,191,193,0,166.8,0
1833,153,167,138,0,152.70000000000002,0
1834,160,163,161,1,161.2,0
1835,200,200,200,0,200.0,1
1836,192,138,153,1,164.10000000000002,0
1837,200,200,100,0,170.0,0
1838,136,179,157,0,155.2,0
1839,173,170,182,0,174.8,1
1840,161,141,145,0,150.2,0
1841,155,162,197,0,169.7,1
1842,137,145,151,0,143.60000000000002,0
1843,187,173,162,1,175.29999999999998,1
1844,178,165,134,1,160.9,0
1845,125,186,111,0,139.1,0
1846,182,157,173,0,171.8,1
1847,154,153,167,0,157.6,0
1848,143,155,100,0,133.7,0
1849,135,200,150,0,159.0,0
1850,173,168,146,0,163.39999999999998,0
1851,162,157,172,0,163.5,0
1852,137,173,169,0,157.4,0
1853,138,150,135,1,140.7,0
1854,147,162,174,0,159.6,0
1855,144,175,154,0,156.29999999999998,0
1856,165,103,157,0,144.0,0
1857,162,128,164,0,152.39999999999998,0
1858,142,130,172,0,147.4,0
1859,121,148,119,1,128.5,0
1860,200,200,200,0,200.0,1
1861,172,164,127,1,156.1,0
1862,135,168,166,0,154.2,0
1863,157,184,200,0,178.0,1
1864,119,148,132,0,131.6,0
1865,162,147,138,0,150.3,0
1866,193,145,169,1,171.4,1
1867,128,137,178,1,145.70000000000002,0
1868,165,159,165,0,163.2,0
1869,160,130,161,0,151.3,0
1870,173,178,125,0,160.1,0
1871,152,160,148,0,153.20000000000002,0
1872,160,171,153,0,161.2,0
1873,158,187,189,0,176.0,1
1874,166,109,152,0,144.7,0
1875,200,200,100,0,170.0,0
1876,158,143,150,0,151.1,0
1877,171,164,133,0,157.5,0
1878,178,171,195,0,181.0,1
1879,164,163,138,0,155.9,0
1880,132,157,136,0,140.7,0
1881,123,151,161,0,142.8,0
1882,163,173,137,0,158.2,0
1883,134,155,163,0,149.0,0
1884,171,188,183,1,179.70000000000002,1
1885,149,144,131,0,142.1,0
1886,175,191,147,0,171.4,1
1887,197,131,144,0,161.3,0
1888,153,160,160,0,157.2,0
1889,152,156,170,0,158.6,0
1890,175,140,134,0,152.2,0
1891,176,127,155,1,155.0,0
1892,189,173,143,0,170.4,1
1893,158,155,161,0,158.0,0
1894,142,174,135,0,149.5,0
1895,155,190,152,0,164.6,0
1896,142,168,169,1,157.9,0
1897,159,174,153,0,161.7,0
1898,137,147,169,1,149.6,0
1899,173,183,151,0,169.39999999999998,1
1900,168,185,171,0,174.0,1
1901,157,166,133,0,152.5,0
1902,155,150,136,0,147.8,0
1903,151,156,188,0,163.6,0
1904,181,158,156,0,166.60000000000002,1
1905,178,164,187,0,176.5,1
1906,157,154,182,0,163.6,0
1907,137,149,160,1,147.5,0
1908,131,151,133,0,137.6,0
1909,160,155,168,0,160.9,0
1910,142,179,141,1,152.8,0
1911,164,136,142,1,149.0,0
1912,147,116,136,0,134.39999999999998,0
1913,170,124,149,0,149.89999999999998,0
1914,159,159,151,0,156.6,0
1915,174,160,141,0,159.9,0
1916,110,178,125,0,134.9,0
1917,150,200,152,1,165.6,0
1918,199,151,127,0,163.0,0
1919,104,176,165,0,143.9,0
1920,183,106,194,0,163.2,0
1921,163,177,118,1,153.70000000000002,0
1922,117,195,173,0,157.20000000000002,0
1923,151,131,155,0,146.2,0
1924,178,161,162,0,168.1,1
1925,179,165,160,0,169.10000000000002,1
1926,158,162,130,0,150.8,0
1927,131,149,173,0,149.0,0
1928,173,184,176,0,177.2,1
1929,135,177,172,0,158.7,0
1930,152,168,171,0,162.5,0
1931,173,141,157,0,158.6,0
1932,176,147,167,0,164.6,0
1933,148,171,183,0,165.4,1
1934,167,189,158,0,170.9,1
1935,124,175,150,0,147.1,0
1936,145,151,140,0,145.3,0
1937,184,158,128,0,159.4,0
1938,181,179,189,0,182.79999999999998,1
1939,168,129,161,0,154.2,0
1940,152,127,189,0,155.6,0
1941,171,176,171,0,172.5,1
1942,154,157,169,0,159.4,0
1943,158,136,189,0,160.7,0
1944,156,151,156,0,154.5,0
1945,139,148,146,0,143.8,0
1946,169,165,132,0,156.70000000000002,0
1947,133,152,138,0,140.20000000000002,0
1948,170,163,131,1,156.2,0
1949,135,186,150,0,154.8,0
1950,140,159,124,0,140.89999999999998,0
1951,100,153,122,0,122.5,0
1952,151,144,116,0,138.39999999999998,0
1953,158,145,141,0,149.0,0
1954,171,152,150,0,159.0,0
1955,181,175,115,0,159.4,0
1956,125,170,143,0,143.9,0
1957,174,125,185,1,162.60000000000002,0
1958,145,192,181,0,169.89999999999998,1
1959,153,144,157,0,151.5,0
1960,152,144,145,0,147.5,0
1961,146,151,134,1,143.9,0
1962,137,196,151,1,158.89999999999998,0
1963,160,167,153,0,160.0,0
1964,171,159,172,0,167.7,1
1965,129,143,165,1,144.0,0
1966,154,158,157,0,156.1,0
1967,142,200,153,0,162.70000000000002,0
1968,176,172,137,0,163.1,0
1969,164,146,107,0,141.5,0
1970,185,148,168,0,168.8,1
1971,124,167,141,1,142.0,0
1972,175,174,173,0,174.1,1
1973,158,132,148,0,147.20000000000002,0
1974,140,162,151,0,149.89999999999998,0
1975,164,169,139,0,158.0,0
1976,186,180,180,0,182.4,1
1977,187,130,157,0,160.9,0
1978,171,200,131,0,167.7,1
1979,135,146,144,0,141.0,0
1980,161,146,124,0,145.4,0
1981,161,145,154,0,154.1,0
1982,179,166,127,0,159.5,0
1983,151,136,124,0,138.4,0
1984,155,189,195,0,177.2,1
1985,141,145,197,0,159.0,0
1986,168,157,154,0,160.5,0
1987,150,132,178,0,153.0,0
1988,158,144,144,0,149.6,0
1989,145,114,142,0,134.79999999999998,0
1990,155,154,166,0,158.0,0
1991,133,152,169,0,149.5,0
1992,158,119,152,0,144.5,0
1993,142,151,180,0,156.1,0
1994,168,165,184,0,171.9,1
1995,200,200,200,0,200.0,1
1996,171,136,154,0,155.4,0
1997,132,118,189,0,144.9,0
1998,147,152,181,0,158.7,0
1999,122,190,145,0,149.3,0
2000,155,148,159,1,154.1,0
